{"cameraMode":{"drawMode":0,"name":"Shaded","section":"Shading Mode"},"sceneLighting":true,"audioPlay":false,"sceneViewState":{"showFog":true,"showMaterialUpdate":false,"showSkybox":true,"showFlares":true,"showImageEffects":true,"showParticleSystems":true},"in2DMode":false,"pivot":{"x":-25.791786193847658,"y":-26.942337036132814,"z":30.677995681762697},"rotation":{"x":-0.23074477910995484,"y":0.18604768812656403,"z":-0.04499392956495285,"w":-0.9540112614631653},"size":35.48933410644531,"orthographic":false}